{
"g1b0|data/cache/thumbs/pexels/3701084.jpg": 0.7125929594039917,
"g1b0|data/cache/thumbs/pexels/4985492.jpg": 0.7098641991615295,
"g1b0|data/cache/thumbs/pexels/37335693.jpg": 0.6137490272521973,
"g1b0|data/cache/thumbs/pexels/3989559.jpg": 0.5615332722663879,
"g1b0|data/cache/thumbs/pexels/4203565.jpg": 0.5943539142608643,
"g1b1|data/cache/thumbs/pexels/8292925.jpg": 0.6040777564048767,
"g1b1|data/cache/thumbs/pexels/8293019.jpg": 0.6096675395965576,
"g1b1|data/cache/thumbs/pexels/5102418.jpg": 0.49079394340515137,
"g1b1|data/cache/thumbs/pexels/10475107.jpg": 0.4569857716560364,
"g1b1|data/cache/thumbs/pexels/7685810.jpg": 0.41457924246788025,
"g2b1|data/cache/thumbs/pexels/15147091.jpg": 0.48925837874412537,
"g2b1|data/cache/thumbs/pexels/19858181.jpg": 0.5097644925117493,
"g2b1|data/cache/thumbs/pexels/10229380.jpg": 0.6451363563537598,
"g2b1|data/cache/thumbs/pexels/11977691.jpg": 0.6363725662231445,
"g2b1|data/cache/thumbs/pexels/8828892.jpg": 0.5647177696228027,
"g2b2|data/cache/thumbs/pexels/6563881.jpg": 0.5873398184776306,
"g2b2|data/cache/thumbs/pexels/6774646.jpg": 0.5832054018974304,
"g2b2|data/cache/thumbs/pexels/35402334.jpg": 0.5265064239501953,
"g2b2|data/cache/thumbs/pexels/7423502.jpg": 0.47466957569122314,
"g2b2|data/cache/thumbs/pexels/9034410.jpg": 0.46597737073898315,
"g3b1|data/cache/thumbs/pexels/8852576.jpg": 0.5795603394508362,
"g3b1|data/cache/thumbs/pexels/4121352.jpg": 0.5587610602378845,
"g3b1|data/cache/thumbs/pexels/3196600.jpg": 0.5589249134063721,
"g3b1|data/cache/thumbs/pexels/8539821.jpg": 0.5627912878990173,
"g3b1|data/cache/thumbs/pexels/8852459.jpg": 0.5852384567260742,
"g3b4|data/cache/thumbs/pexels/7615673.jpg": 0.5573165416717529,
"g3b4|data/cache/thumbs/pexels/7615682.jpg": 0.633886456489563,
"g3b4|data/cache/thumbs/pexels/7615671.jpg": 0.623823881149292,
"g3b4|data/cache/thumbs/pexels/7615680.jpg": 0.6842890977859497,
"g3b4|data/cache/thumbs/pexels/7106818.jpg": 0.42001253366470337,
"p01|data/cache/thumbs/pexels/30680438.jpg": 0.7036924958229065,
"p01|data/cache/thumbs/pexels/10872797.jpg": 0.7511268854141235,
"p01|data/cache/thumbs/pexels/1572442.jpg": 0.7621225714683533,
"p01|data/cache/thumbs/pexels/9339061.jpg": 0.697556734085083,
"p01|data/cache/thumbs/pexels/11276661.jpg": 0.7093361616134644,
"p01|data/cache/thumbs/pexels/8503188.jpg": 0.6695576906204224,
"p01|data/cache/thumbs/pexels/29754825.jpg": 0.6520538330078125,
"p01|data/cache/thumbs/pexels/26448097.jpg": 0.7281140685081482,
"p02|data/cache/thumbs/pexels/37220559.jpg": 0.7679070234298706,
"p02|data/cache/thumbs/pexels/6481505.jpg": 0.7976473569869995,
"p02|data/cache/thumbs/pexels/11265881.jpg": 0.7126296758651733,
"p02|data/cache/thumbs/pexels/6089259.jpg": 0.6804324984550476,
"p02|data/cache/thumbs/pexels/6092038.jpg": 0.8139685392379761,
"p02|data/cache/thumbs/pexels/8626687.jpg": 0.8202715516090393,
"p02|data/cache/thumbs/pexels/4968939.jpg": 0.7039326429367065,
"p02|data/cache/thumbs/pexels/5951652.jpg": 0.8617250323295593,
"p03|data/cache/thumbs/pexels/7584841.jpg": 0.7484530806541443,
"p03|data/cache/thumbs/pexels/35150986.jpg": 0.7949004769325256,
"p03|data/cache/thumbs/pexels/7584434.jpg": 0.7160037159919739,
"p03|data/cache/thumbs/pexels/33481533.jpg": 0.7043533325195312,
"p03|data/cache/thumbs/pexels/7584599.jpg": 0.6984511017799377,
"p03|data/cache/thumbs/pexels/7584602.jpg": 0.7020972371101379,
"p03|data/cache/thumbs/pexels/7584846.jpg": 0.6522690653800964,
"p03|data/cache/thumbs/pexels/7585004.jpg": 0.6791204214096069,
"p04|data/cache/thumbs/pexels/10800397.jpg": 0.7258491516113281,
"p04|data/cache/thumbs/pexels/31271039.jpg": 0.7407273054122925,
"p04|data/cache/thumbs/pexels/12435628.jpg": 0.797900378704071,
"p04|data/cache/thumbs/pexels/19455221.jpg": 0.7569093704223633,
"p04|data/cache/thumbs/pexels/26599220.jpg": 0.7051464319229126,
"p04|data/cache/thumbs/pexels/34402665.jpg": 0.6466430425643921,
"p04|data/cache/thumbs/pexels/19196226.jpg": 0.8220645189285278,
"p04|data/cache/thumbs/pexels/19196876.jpg": 0.7183277606964111,
"p05|data/cache/thumbs/pexels/34977302.jpg": 0.6605216264724731,
"p05|data/cache/thumbs/pexels/15161525.jpg": 0.7167803049087524,
"p05|data/cache/thumbs/pexels/18757430.jpg": 0.6932541131973267,
"p05|data/cache/thumbs/pexels/4458918.jpg": 0.7009555697441101,
"p05|data/cache/thumbs/pexels/4458845.jpg": 0.7009555697441101,
"p05|data/cache/thumbs/pexels/6237715.jpg": 0.58851158618927,
"p05|data/cache/thumbs/pexels/5930874.jpg": 0.7344800233840942,
"p05|data/cache/thumbs/pexels/29992735.jpg": 0.6707710027694702,
"p06|data/cache/thumbs/pexels/17795659.jpg": 0.7901998162269592,
"p06|data/cache/thumbs/pexels/19726028.jpg": 0.750417947769165,
"p06|data/cache/thumbs/pexels/19151618.jpg": 0.7662481069564819,
"p06|data/cache/thumbs/pexels/14090580.jpg": 0.5917602777481079,
"p06|data/cache/thumbs/pexels/3344052.jpg": 0.781833291053772,
"p06|data/cache/thumbs/pexels/12550702.jpg": 0.7881826162338257,
"p06|data/cache/thumbs/pexels/4061908.jpg": 0.7293394804000854,
"p06|data/cache/thumbs/pexels/5767251.jpg": 0.7992680072784424,
"p07|data/cache/thumbs/pexels/19236966.jpg": 0.6204443573951721,
"p07|data/cache/thumbs/pexels/19103667.jpg": 0.672873318195343,
"p07|data/cache/thumbs/pexels/31618109.jpg": 0.6862592697143555,
"p07|data/cache/thumbs/pexels/2287044.jpg": 0.6687600612640381,
"p07|data/cache/thumbs/pexels/18447957.jpg": 0.4545270502567291,
"p07|data/cache/thumbs/pexels/18651339.jpg": 0.6948120594024658,
"p07|data/cache/thumbs/pexels/31878550.jpg": 0.6770175099372864,
"p07|data/cache/thumbs/pexels/6470808.jpg": 0.6911448836326599,
"p08|data/cache/thumbs/pexels/9244192.jpg": 0.7043324708938599,
"p08|data/cache/thumbs/pexels/12866100.jpg": 0.744353175163269,
"p08|data/cache/thumbs/pexels/9244195.jpg": 0.7288440465927124,
"p08|data/cache/thumbs/pexels/8852649.jpg": 0.7133930921554565,
"p08|data/cache/thumbs/pexels/32402591.jpg": 0.7247781753540039,
"p08|data/cache/thumbs/pexels/8534744.jpg": 0.7261176109313965,
"p08|data/cache/thumbs/pexels/4121129.jpg": 0.709944486618042,
"p08|data/cache/thumbs/pexels/32402606.jpg": 0.7294384837150574,
"p09|data/cache/thumbs/pexels/12465390.jpg": 0.7785673141479492,
"p09|data/cache/thumbs/pexels/9981939.jpg": 0.8274987936019897,
"p09|data/cache/thumbs/pexels/36505810.jpg": 0.8437197208404541,
"p09|data/cache/thumbs/pexels/11835633.jpg": 0.816248893737793,
"p09|data/cache/thumbs/pexels/4625194.jpg": 0.838525652885437,
"p09|data/cache/thumbs/pexels/26586677.jpg": 0.8258042335510254,
"p09|data/cache/thumbs/pexels/15796201.jpg": 0.7235743999481201,
"p09|data/cache/thumbs/pexels/8438346.jpg": 0.83420330286026,
"p10|data/cache/thumbs/pexels/7269980.jpg": 0.7611037492752075,
"p10|data/cache/thumbs/pexels/7312132.jpg": 0.6320748329162598,
"p10|data/cache/thumbs/pexels/7270073.jpg": 0.7187536358833313,
"p10|data/cache/thumbs/pexels/9196820.jpg": 0.6940106153488159,
"p10|data/cache/thumbs/pexels/6952299.jpg": 0.7014999389648438,
"p10|data/cache/thumbs/pexels/8046663.jpg": 0.7910752296447754,
"p10|data/cache/thumbs/pexels/7270211.jpg": 0.705717921257019,
"p10|data/cache/thumbs/pexels/6952292.jpg": 0.6529504060745239,
"p11|data/cache/thumbs/pexels/852222.jpg": 0.712790310382843,
"p11|data/cache/thumbs/pexels/6938926.jpg": 0.753597617149353,
"p11|data/cache/thumbs/pexels/4473014.jpg": 0.5951298475265503,
"p11|data/cache/thumbs/pexels/6890261.jpg": 0.6299010515213013,
"p11|data/cache/thumbs/pexels/7255749.jpg": 0.6433009505271912,
"p11|data/cache/thumbs/pexels/7062991.jpg": 0.5273736715316772,
"p11|data/cache/thumbs/pexels/855988.jpg": 0.6685094833374023,
"p11|data/cache/thumbs/pexels/4290129.jpg": 0.7299270629882812,
"p12|data/cache/thumbs/pexels/5535406.jpg": 0.7088419198989868,
"p12|data/cache/thumbs/pexels/16922430.jpg": 0.7361805438995361,
"p12|data/cache/thumbs/pexels/857042.jpg": 0.8100367784500122,
"p12|data/cache/thumbs/pexels/2988361.jpg": 0.7884341478347778,
"p12|data/cache/thumbs/pexels/27921683.jpg": 0.7937139272689819,
"p12|data/cache/thumbs/pexels/8534971.jpg": 0.730840265750885,